1,M,MA,0.00431099682347602,0.00266186491023121,-0.00164913191324481,0.00164913191324481,0
2,A,AS,0.00582362728785358,0.00575152953817815,-7.20977496754269E-05,7.20977496754269E-05,0
3,S,SK,0.00521857510210256,0.00435082342879698,-0.000867751673305573,0.000867751673305573,0
4,K,KR,0.00476478596278929,0.00297931238335567,-0.00178547357943362,0.00178547357943362,0
5,R,RA,0.00718499470579337,0.00393847359166863,-0.00324652111412475,0.00324652111412475,0.00762097602978418
6,A,AL,0.0138405687490546,0.00922146058187241,-0.0046191081671822,0.0046191081671822,0.0105909522837216
7,L,LV,0.00884888821660868,0.00800628896224285,-0.000842599254365835,0.000842599254365835,0.011361453788412
8,V,VI,0.00922704583270307,0.00446300496643434,-0.00476404086626873,0.00476404086626873,0.0152577429813751
9,I,IL,0.0101346241113296,0.00582205643075681,-0.0043125676805728,0.0043125676805728,0.0177848370825143
10,L,LA,0.0157313568295265,0.00922146058187241,-0.00650989624765414,0.00650989624765414,0.0210482122160437
11,A,AK,0.0087732566933898,0.00615895784076456,-0.00261429885262524,0.00261429885262524,0.0190434029014867
12,K,KG,0.00703373165935562,0.00546036045432254,-0.00157337120503308,0.00157337120503308,0.019774174852154
13,G,GA,0.00839509907729542,0.00721827142748922,-0.00117682764980619,0.00117682764980619,0.0161869616356915
14,A,AE,0.00567236424141582,0.00592808180263226,0.000255717561216439,0.000255717561216439,0.0121301115163351
15,E,EE,0.00620178490394797,0.00431627640842199,-0.00188550849552598,0.00188550849552598,0.00750572376420693
16,E,EM,0.00249584026622296,0.00193812182371297,-0.000557718442509996,0.000557718442509996,0.00544914335409168
17,M,ME,0.00234457721978521,0.00193812182371297,-0.000406455396072241,0.000406455396072241,0.00428222754513084
18,E,ET,0.00378157616094388,0.0033719364381945,-0.000409639722749385,0.000409639722749385,0.00351503961807404
19,T,TV,0.00726062622901225,0.00402083142286423,-0.00323979480614802,0.00323979480614802,0.00649911686300562
20,V,VI,0.00922704583270307,0.00446300496643434,-0.00476404086626873,0.00476404086626873,0.00937764923374837
21,I,IP,0.00461352291635154,0.00261520944238708,-0.00199831347396446,0.00199831347396446,0.0108182442652028
22,P,PV,0.00650431099682348,0.00359634482103692,-0.00290796617578656,0.00290796617578656,0.0133197550449172
23,V,VD,0.00423536530025715,0.00372015341323655,-0.000515211887020595,0.000515211887020595,0.0134253272091884
24,D,DV,0.00816820450763878,0.00372015341323655,-0.00444805109440223,0.00444805109440223,0.0146335834974426
25,V,VM,0.00264710331266072,0.00231109372105979,-0.000336009591600925,0.000336009591600925,0.0102055522227748
26,M,MR,0.00242020874300408,0.00128764107417356,-0.00113256766883052,0.00113256766883052,0.00933980641764083
27,R,RR,0.00363031311450613,0.0019051832219915,-0.00172512989251463,0.00172512989251463,0.0081569701343689
28,R,RA,0.00718499470579337,0.00393847359166863,-0.00324652111412475,0.00324652111412475,0.0108882793614731
29,A,AG,0.0142943578883679,0.00721827142748922,-0.00707608646087865,0.00707608646087865,0.0135163147279495
30,G,GI,0.00499168053244592,0.00455732399550404,-0.000434356536941884,0.000434356536941884,0.0136146616732904
31,I,IK,0.00363031311450613,0.003888516334828,0.000258203220321874,0.000258203220321874,0.0127402972247818
32,K,KV,0.00514294357888368,0.00534735205357457,0.00020440847469089,0.00020440847469089,0.011219575806958
33,V,VT,0.00741188927545001,0.00402083142286423,-0.00339105785258578,0.00339105785258578,0.0113641125454191
34,T,TV,0.00726062622901225,0.00402083142286423,-0.00323979480614802,0.00323979480614802,0.00752782089068845
35,V,VA,0.00605052185751021,0.00706888104987421,0.001018359192364,0.001018359192364,0.00811182354611056
36,A,AG,0.0142943578883679,0.00721827142748922,-0.00707608646087865,0.00707608646087865,0.0149297067866673
37,G,GL,0.010512781727424,0.00817549007383684,-0.00233729165358715,0.00233729165358715,0.0170625899655636
38,L,LA,0.0157313568295265,0.00922146058187241,-0.00650989624765414,0.00650989624765414,0.020181428360632
39,A,AG,0.0142943578883679,0.00721827142748922,-0.00707608646087865,0.00707608646087865,0.0240177200153626
40,G,GK,0.00605052185751021,0.00546036045432254,-0.000590161403187669,0.000590161403187669,0.0235895222261863
41,K,KD,0.010512781727424,0.00324128640327142,-0.00727149532415257,0.00727149532415257,0.0237849310894602
42,D,DP,0.00340341854484949,0.00217991698566215,-0.00122350155918735,0.00122350155918735,0.0226711409950604
43,P,PV,0.00650431099682348,0.00359634482103692,-0.00290796617578656,0.00290796617578656,0.0190692109231928
44,V,VQ,0.00415973377703827,0.00242900666601182,-0.00173072711102645,0.00173072711102645,0.0137238515733406
45,Q,QC,0.00279836635909847,0.000478334646044595,-0.00232003171305388,0.00232003171305388,0.0154537218832068
46,C,CS,0.00363031311450613,0.000983372439805272,-0.00264694067470085,0.00264694067470085,0.0108291672337551
47,S,SR,0.00688246861291786,0.00278222446383931,-0.00410024414907856,0.00410024414907856,0.0137059098236463
48,R,RD,0.00355468159128725,0.0020727079535804,-0.00148197363770684,0.00148197363770684,0.0122799172855666
49,D,DV,0.00816820450763878,0.00372015341323655,-0.00444805109440223,0.00444805109440223,0.0149972412689424
50,V,VV,0.0087732566933898,0.00613736878475317,-0.00263588790863663,0.00263588790863663,0.0153130974645251
51,V,VI,0.00922704583270307,0.00446300496643434,-0.00476404086626873,0.00476404086626873,0.017430197656093
52,I,IC,0.00559673271819694,0.000878881861785821,-0.00471785085641112,0.00471785085641112,0.0180478043634256
53,C,CP,0.00257147178944184,0.000708213917687386,-0.00186325787175445,0.00186325787175445,0.0184290885974732
54,P,PD,0.00415973377703827,0.00217991698566215,-0.00197981679137612,0.00197981679137612,0.0159608542944471
55,D,DA,0.00393283920738164,0.00428478764886708,0.000351948441485439,0.000351948441485439,0.0136769148272959
56,A,AS,0.00582362728785358,0.00575152953817815,-7.20977496754269E-05,7.20977496754269E-05,0.00898497171070256
57,S,SL,0.0064286794736046,0.00651424279636858,8.55633227639816E-05,8.55633227639816E-05,0.00435268417705542
58,L,LE,0.00536983814854031,0.0067142077464342,0.00134436959789389,0.00134436959789389,0.00383379590319486
59,E,ED,0.00325215549841174,0.00311978283357878,-0.000132372664832959,0.000132372664832959,0.0019863517766517
60,D,DA,0.00393283920738164,0.00428478764886708,0.000351948441485439,0.000351948441485439,0.0019863517766517
61,A,AK,0.0087732566933898,0.00615895784076456,-0.00261429885262524,0.00261429885262524,0.00452855287960151
62,K,KK,0.00468915443957041,0.00465902815810964,-3.01262814607749E-05,3.01262814607749E-05,0.00447311583829831
63,K,KE,0.00998336106489185,0.00448437881149913,-0.00549898225339271,0.00549898225339271,0.00862772849379713
64,E,EG,0.00294962940553623,0.00525567219032368,0.00230604278478745,0.00230604278478745,0.0108013986137516
65,G,GP,0.00816820450763878,0.00367234826586191,-0.00449585624177688,0.00449585624177688,0.0149453064140431
66,P,PY,0.00302526092875511,0.0012126004151623,-0.0018126605135928,0.0018126605135928,0.0141436680750106
67,Y,YD,0.00317652397519286,0.00125434567535642,-0.00192217829983644,0.00192217829983644,0.0160357200933863
68,D,DV,0.00816820450763878,0.00372015341323655,-0.00444805109440223,0.00444805109440223,0.0149847889343958
69,V,VV,0.0087732566933898,0.00613736878475317,-0.00263588790863663,0.00263588790863663,0.015314634058245
70,V,VV,0.0087732566933898,0.00613736878475317,-0.00263588790863663,0.00263588790863663,0.0134546657251047
71,V,VL,0.00801694146120103,0.00800628896224285,-1.06524989581802E-05,1.06524989581802E-05,0.0116526577104701
72,L,LP,0.00536983814854031,0.00469148536692424,-0.000678352781616068,0.000678352781616068,0.0104088321922497
73,P,PG,0.00665557404326123,0.00367234826586191,-0.00298322577739932,0.00298322577739932,0.00894400687524684
74,G,GG,0.00763878384510664,0.00639951837149378,-0.00123926547361286,0.00123926547361286,0.00754738444022306
75,G,GN,0.00415973377703827,0.002895736911278,-0.00126399686576027,0.00126399686576027,0.0061754933973467
76,N,NL,0.00733625775223113,0.00369935157621403,-0.0036369061760171,0.0036369061760171,0.00980174707440562
77,L,LG,0.00544546967175919,0.00817549007383684,0.00273002040207765,0.00273002040207765,0.0118534146948672
78,G,GA,0.00839509907729542,0.00721827142748922,-0.00117682764980619,0.00117682764980619,0.0100470165672741
79,A,AQ,0.00536983814854031,0.00279767434442668,-0.00257216380411363,0.00257216380411363,0.0113799148977748
80,Q,QN,0.00310089245197398,0.0011223364134022,-0.00197855603857179,0.00197855603857179,0.0120944740705864
81,N,NL,0.00733625775223113,0.00369935157621403,-0.0036369061760171,0.0036369061760171,0.0120944740705864
82,L,LS,0.00741188927545001,0.00651424279636858,-0.000897646479081428,0.000897646479081428,0.0102621001475901
83,S,SE,0.00771441536832552,0.00418772751195123,-0.00352668785637429,0.00352668785637429,0.0126119603541582
84,E,ES,0.00521857510210256,0.00418772751195123,-0.00103084759015133,0.00103084759015133,0.0110706441401959
85,S,SA,0.00400847073060051,0.00575152953817815,0.00174305880757764,0.00174305880757764,0.0108351469092018
86,A,AA,0.00748752079866889,0.00814177558001842,0.000654254781349535,0.000654254781349535,0.00785249551453421
87,A,AV,0.00446225986991378,0.00706888104987421,0.00260662117996043,0.00260662117996043,0.00956147021541321
88,V,VK,0.00620178490394797,0.00534735205357457,-0.000854432850373397,0.000854432850373397,0.00688921520941232
89,K,KE,0.00998336106489185,0.00448437881149913,-0.00549898225339271,0.00549898225339271,0.0113573498726537
90,E,EI,0.00559673271819694,0.00374275056262938,-0.00185398215556757,0.00185398215556757,0.0114682732206436
91,I,IL,0.0101346241113296,0.00582205643075681,-0.0043125676805728,0.0043125676805728,0.0151265861198669
92,L,LK,0.00733625775223113,0.0069757003734431,-0.000360557378788034,0.000360557378788034,0.0128805223186945
93,K,KE,0.00998336106489185,0.00448437881149913,-0.00549898225339271,0.00549898225339271,0.0175250717217138
94,E,EQ,0.00385720768416276,0.00203700559022893,-0.00182020209393383,0.00182020209393383,0.0138462915622549
95,Q,QE,0.00332778702163062,0.00203700559022893,-0.00129078143140168,0.00129078143140168,0.0132830908380891
96,E,EN,0.00453789139313266,0.00237815458470902,-0.00215973680842364,0.00215973680842364,0.0111302599659399
97,N,NR,0.00393283920738164,0.0015799881547895,-0.00235285105259214,0.00235285105259214,0.013122553639744
98,R,RK,0.0050673120556648,0.00297931238335567,-0.00208799967230913,0.00208799967230913,0.00971157105866042
99,K,KG,0.00703373165935562,0.00546036045432254,-0.00157337120503308,0.00157337120503308,0.00946474016975967
100,G,GL,0.010512781727424,0.00817549007383684,-0.00233729165358715,0.00233729165358715,0.0105112503919451
101,L,LI,0.00786567841476327,0.00582205643075681,-0.00204362198400647,0.00204362198400647,0.010395135567528
102,I,IA,0.00476478596278929,0.00514038708429854,0.000375601121509245,0.000375601121509245,0.00841788563644508
103,A,AA,0.00748752079866889,0.00814177558001842,0.000654254781349535,0.000654254781349535,0.00698414074548548
104,A,AI,0.00552110119497807,0.00514038708429854,-0.000380714110679531,0.000380714110679531,0.00579148365113193
105,I,IC,0.00559673271819694,0.000878881861785821,-0.00471785085641112,0.00471785085641112,0.0081720428539559
106,C,CA,0.00272273483587959,0.00139204670050357,-0.00133068813537603,0.00133068813537603,0.00745910900532546
107,A,AG,0.0142943578883679,0.00721827142748922,-0.00707608646087865,0.00707608646087865,0.0141595943446949
108,G,GP,0.00816820450763878,0.00367234826586191,-0.00449585624177688,0.00449585624177688,0.0180011958051222
109,P,PT,0.003705944637725,0.00235610678957462,-0.00134983784815038,0.00134983784815038,0.0189703195425931
110,T,TA,0.00499168053244592,0.00463110170606552,-0.0003605788263804,0.0003605788263804,0.0146130475125623
111,A,AL,0.0138405687490546,0.00922146058187241,-0.0046191081671822,0.0046191081671822,0.0179014675443685
112,L,LL,0.0100589925881107,0.0104443231611199,0.000385330573009149,0.000385330573009149,0.011210711656499
113,L,LA,0.0157313568295265,0.00922146058187241,-0.00650989624765414,0.00650989624765414,0.0132247516623763
114,A,AH,0.00385720768416276,0.00171798934257269,-0.00213921834159006,0.00213921834159006,0.014014132155816
115,H,HE,0.00249584026622296,0.00125087964642699,-0.00124496061979597,0.00124496061979597,0.0148985139492315
116,E,EI,0.00559673271819694,0.00374275056262938,-0.00185398215556757,0.00185398215556757,0.0121333879376169
117,I,IG,0.00317652397519286,0.00455732399550404,0.00138080002031118,0.00138080002031118,0.0131288573849189
118,G,GF,0.00491604900922705,0.00288971666821921,-0.00202633234100784,0.00202633234100784,0.00864529347827262
119,F,FG,0.00529420662532143,0.00288971666821921,-0.00240448995710223,0.00240448995710223,0.00891056509378479
120,G,GS,0.00552110119497807,0.00509914587079514,-0.000421955324182926,0.000421955324182926,0.00808755979817174
121,S,SK,0.00521857510210256,0.00435082342879698,-0.000867751673305573,0.000867751673305573,0.00710132931590975
122,K,KV,0.00514294357888368,0.00534735205357457,0.00020440847469089,0.00020440847469089,0.00592493777028946
123,V,VT,0.00741188927545001,0.00402083142286423,-0.00339105785258578,0.00339105785258578,0.00728966328186739
124,T,TT,0.00484041748600817,0.00263420464014736,-0.00220621284586081,0.00220621284586081,0.00709138617062597
125,T,TH,0.00234457721978521,0.000977204947151441,-0.00136737227263377,0.00136737227263377,0.00803680311907681
126,H,HP,0.00287399788231735,0.000874039615487359,-0.00199995826682999,0.00199995826682999,0.00916900971260123
127,P,PL,0.00771441536832552,0.00469148536692424,-0.00302293000140128,0.00302293000140128,0.0119875312393116
128,L,LA,0.0157313568295265,0.00922146058187241,-0.00650989624765414,0.00650989624765414,0.01510636963438
129,A,AK,0.0087732566933898,0.00615895784076456,-0.00261429885262524,0.00261429885262524,0.0155144556411444
130,K,KD,0.010512781727424,0.00324128640327142,-0.00727149532415257,0.00727149532415257,0.0214185786926632
131,D,DK,0.00340341854484949,0.00324128640327142,-0.000162132141578069,0.000162132141578069,0.0195807525674113
132,K,KM,0.00249584026622296,0.00201360423150935,-0.000482236034713614,0.000482236034713614,0.0170400586007236
133,M,MM,0.00257147178944184,0.000870267760475925,-0.00170120402896591,0.00170120402896591,0.0122313663820354
134,M,MN,0.00196641960369082,0.00106785406323704,-0.000898565540453777,0.000898565540453777,0.0105156330698639
135,N,NG,0.00385720768416276,0.002895736911278,-0.000961470772884763,0.000961470772884763,0.00420560851859614
136,G,GG,0.00763878384510664,0.00639951837149378,-0.00123926547361286,0.00123926547361286,0.00528274185063093
137,G,GH,0.00158826198759643,0.00152312149387387,-6.51404937225572E-05,6.51404937225572E-05,0.00486564630963987
138,H,HY,0.00302526092875511,0.000502930991862398,-0.00252232993689271,0.00252232993689271,0.00568677221756666
139,Y,YT,0.00181515655725306,0.00135572702154212,-0.000459429535710946,0.000459429535710946,0.00524763621282383
140,T,TY,0.00196641960369082,0.00135572702154212,-0.000610692582148701,0.000610692582148701,0.00489685802208777
141,Y,YS,0.00423536530025715,0.00168372549449586,-0.00255163980576129,0.00255163980576129,0.0062092323542362
142,S,SE,0.00771441536832552,0.00418772751195123,-0.00352668785637429,0.00352668785637429,0.00967077971688793
143,E,EN,0.00453789139313266,0.00237815458470902,-0.00215973680842364,0.00215973680842364,0.00930818658841886
144,N,NR,0.00393283920738164,0.0015799881547895,-0.00235285105259214,0.00235285105259214,0.0112016081053001
145,R,RV,0.00355468159128725,0.00341947540360888,-0.000135206187678373,0.000135206187678373,0.0107261217108297
146,V,VE,0.00620178490394797,0.00514690004715612,-0.00105488485679185,0.00105488485679185,0.00922936676186029
147,E,EK,0.00536983814854031,0.00448437881149913,-0.000885459337041178,0.000885459337041178,0.00658813824252717
148,K,KD,0.010512781727424,0.00324128640327142,-0.00727149532415257,0.00727149532415257,0.0116998967582561
149,D,DG,0.00446225986991378,0.0037987733700965,-0.000663486499817283,0.000663486499817283,0.0100105322054812
150,G,GL,0.010512781727424,0.00817549007383684,-0.00233729165358715,0.00233729165358715,0.01221261767139
151,L,LI,0.00786567841476327,0.00582205643075681,-0.00204362198400647,0.00204362198400647,0.0132013547986046
152,I,IL,0.0101346241113296,0.00582205643075681,-0.0043125676805728,0.0043125676805728,0.0166284631421363
153,L,LT,0.00688246861291786,0.00524523445941366,-0.0016372341535042,0.0016372341535042,0.0109942019714879
154,T,TS,0.00786567841476327,0.00327151221437656,-0.00459416620038671,0.00459416620038671,0.0149248816720573
155,S,SR,0.00688246861291786,0.00278222446383931,-0.00410024414907856,0.00410024414907856,0.0166878341675487
156,R,RG,0.00355468159128725,0.00349174097409821,-6.29406171890412E-05,6.29406171890412E-05,0.0147071528007313
157,G,GP,0.00816820450763878,0.00367234826586191,-0.00449585624177688,0.00449585624177688,0.0148904413619354
158,P,PG,0.00665557404326123,0.00367234826586191,-0.00298322577739932,0.00298322577739932,0.0162364329858305
159,G,GT,0.00446225986991378,0.00410580576609479,-0.000356454103818992,0.000356454103818992,0.0119987208892628
160,T,TS,0.00786567841476327,0.00327151221437656,-0.00459416620038671,0.00459416620038671,0.0124926429405709
161,S,SF,0.00415973377703827,0.00230253059076356,-0.00185720318627471,0.00185720318627471,0.0142869055096566
162,F,FE,0.00355468159128725,0.00237321039638322,-0.00118147119490402,0.00118147119490402,0.0109725204627838
163,E,EF,0.00317652397519286,0.00237321039638322,-0.000803313578809637,0.000803313578809637,0.00879260826419407
164,F,FA,0.00378157616094388,0.00325942642069128,-0.000522149740252604,0.000522149740252604,0.00895830390062768
165,A,AL,0.0138405687490546,0.00922146058187241,-0.0046191081671822,0.0046191081671822,0.00898324586742317
166,L,LA,0.0157313568295265,0.00922146058187241,-0.00650989624765414,0.00650989624765414,0.0136359389288026
167,A,AI,0.00552110119497807,0.00514038708429854,-0.000380714110679531,0.000380714110679531,0.0128351818445781
168,I,IV,0.00468915443957041,0.00446300496643434,-0.000226149473136071,0.000226149473136071,0.0122580177389045
169,V,VE,0.00620178490394797,0.00514690004715612,-0.00105488485679185,0.00105488485679185,0.0127907528554438
170,E,EA,0.00415973377703827,0.00592808180263226,0.00176834802559399,0.00176834802559399,0.00993999271385558
171,A,AL,0.0138405687490546,0.00922146058187241,-0.0046191081671822,0.0046191081671822,0.00804920463338364
172,L,LN,0.00325215549841174,0.00369935157621403,0.000447196077802296,0.000447196077802296,0.00811568660050641
173,N,NG,0.00385720768416276,0.002895736911278,-0.000961470772884763,0.000961470772884763,0.0088510079002551
174,G,GK,0.00605052185751021,0.00546036045432254,-0.000590161403187669,0.000590161403187669,0.00838628444665092
175,K,KE,0.00998336106489185,0.00448437881149913,-0.00549898225339271,0.00549898225339271,0.0121169186744496
176,E,EV,0.00484041748600817,0.00514690004715612,0.000306482561147948,0.000306482561147948,0.00780429306841539
177,V,VA,0.00605052185751021,0.00706888104987421,0.001018359192364,0.001018359192364,0.00837545618297709
178,A,AA,0.00748752079866889,0.00814177558001842,0.000654254781349535,0.000654254781349535,0.00806824019144186
179,A,AQ,0.00536983814854031,0.00279767434442668,-0.00257216380411363,0.00257216380411363,0.0100502425923678
180,Q,QV,0.00264710331266072,0.00242900666601182,-0.000218096646648895,0.000218096646648895,0.00476935698562401
181,V,VK,0.00620178490394797,0.00534735205357457,-0.000854432850373397,0.000854432850373397,0.00531730727484946
182,K,KA,0.00468915443957041,0.00615895784076456,0.00146980340119415,0.00146980340119415,0.00576875148367961
183,A,AP,0.00325215549841174,0.00414218774296183,0.000890032244550094,0.000890032244550094,0.00600452894688016
184,P,PL,0.00771441536832552,0.00469148536692424,-0.00302293000140128,0.00302293000140128,0.00645529514416781
185,L,LV,0.00884888821660868,0.00800628896224285,-0.000842599254365835,0.000842599254365835,0.00707979775188475
186,V,VL,0.00801694146120103,0.00800628896224285,-1.06524989581802E-05,1.06524989581802E-05,0.00623601740046953
187,L,LK,0.00733625775223113,0.0069757003734431,-0.000360557378788034,0.000360557378788034,0.00512677137806342
188,K,KD,0.010512781727424,0.00324128640327142,-0.00727149532415257,0.00727149532415257,0.0115082344576659
